	TGATTTCTCGTCTACC	ACGATGTAGCTCGCAC	TTGATGGGTGTTGAGG	TGTTCATAGCTCCACG	CTGCATCCAAAGAACT	GAACACTTCACCTACC
bcd_P01A01-TTACCGAC	3	4	1	239	44	38
bcd_P02A02-AGTGACCT	3	3	0	115	20	29
bcd_P03A03-TCGGATTC	20	0	3	233	31	77
bcd_P05A05-TCCTCATG	10	30	4	202	48	66
bcd_P07A07-CGAATACG	20	117759	3	383	46	70
bcd_P08A08-TCTAGGAG	11	9	4	214	48	70
bcd_P10A10-CGTATCTC	21	5	80786	320	104	90
bcd_P11A11-GTACACCT	58	12	1	363	45	52
bcd_P18B06-CCTTCCAT	38	2	5	374	103	89
bcd_P19B07-GTCCTTGA	15	4	1	344	51240	110
bcd_P20B08-TGCGTAAC	10	6	1	162	29	43
bcd_P21B09-CACAGACT	25	6	2	294	78	61
bcd_P22B10-TTACGTGC	5	3	1	95	8742	27
bcd_P24B12-CACGCAAT	13	6	4	306	50	26066
bcd_P25C01-TTCCAGGT	5	2	2	71	22	23
bcd_P26C02-TCATCTCC	15	11	1	258	48	68
bcd_P27C03-GAGAGTAC	15	9	0	444	47	1495
bcd_P28C04-GTCGTTAC	6	17	3	406	40	55
bcd_P29C05-GGAGGAAT	19	3	1	353	50	345
bcd_P31C07-CAGTGCTT	22	4	2	190	31	198
bcd_P32C08-CTTGCTAG	19	5	11	476	83	330
bcd_P33C09-TGGAAGCA	12	3	5	435	56	73
bcd_P34C10-AGCTAAGC	3	10	1	24463	27	35
bcd_P35C11-GAACGGTT	12	17	7	371	46	67
bcd_P36C12-GGAATGTC	8	3	3	28281	32	41
bcd_P38D2-CCAGTATC	14	3	0	300	25	74
bcd_P39D3-TCTACGCA	20	1	0	212	25	46
bcd_P40D4-GTAACCGA	19	1	1	455	49	71
bcd_P41D5-GACGTCAT	14	2	1	390	75	80
bcd_P42D6-CTTACAGC	28	8	3	271	55	10647
bcd_P43D7-TCCATTGC	21	2	7	346	109	99
bcd_P44D8-AGCGAGAT	20	2	3	213	50	52
bcd_P45D9-CAATAGCC	11	7	2	212	57	52
bcd_P46D10-AAGACACC	31	5	8	377	63	80
bcd_P47D11-CCAGTTGA	44	12	14	509	61	145
bcd_P48D12-TGGTGAAG	10	5	2	133	25	43
bcd_P49E1-AAGACCGT	9	4	2	317	32	53
bcd_P66F6-AGACGCTA	22	1	2	201	30	21
bcd_P67F7-ATAACGCC	16	3	1	239	32	39
bcd_P68F8-GAATCACC	14	8	5	389	66	77
bcd_P69F9-GGCAAGTT	4	2	0	123	21	23
bcd_P70F10-GATCTTGC	12	5	5	292	72	27077
bcd_P50E2-TTGCGAGA	11	5	0	229	88	62
bcd_P51E3-GCAATTCC	57	3	3	281	56	89
bcd_P52E4-GAATCCGT	13	2	9	246	66	71
bcd_P53E5-CCGCTTAA	22	8	5	382	63	107
bcd_P54E6-TACCTGCA	9	6	1	382	63	72
bcd_P55E7-GTCGATTG	22	8	3	311	52	9507
bcd_P56E8-TATGGCAC	19	17	12	315	40	77
bcd_P57E9-CTCGAACA	29	9	5	194	37	53
bcd_P58E10-CAACTCCA	28646	25	22	308	67	27303
bcd_P59E11-GTCATCGT	12	8	3	344	47	60
bcd_P60E12-GGACATCA	11	9	3	248	51	63
bcd_P61F1-CAGGTTCA	27	3	8	264	41	49
bcd_P62F2-GAACGAAG	15	10	3	349	30763	87
bcd_P63F3-CTCAGAAG	10	10	8	225	28562	47
bcd_P64F4-CATGAGCA	14	38	7	384	51	70
bcd_P65F5-GACGAACT	31	6	9	285	56	26808
unmapped	324	1720	1078	6547	46124	3358
